{
    "loss": 0.3783045709133148,
    "accuracy": 0.8627451062202454
}